model,partition,date,symbol,direction,decision_timestamp_ist,chronological_rank
V2_COMPLETE_BUCKET,QA,2024-05-02,SBIN,LONG,2024-05-02T10:10:00+05:30,1
V2_COMPLETE_BUCKET,QA,2024-05-06,SBIN,SHORT,2024-05-06T10:25:00+05:30,1
V2_COMPLETE_BUCKET,QA,2024-05-09,DLF,SHORT,2024-05-09T10:40:00+05:30,1
V2_COMPLETE_BUCKET,QA,2024-05-15,DLF,LONG,2024-05-15T09:55:00+05:30,1
V2_COMPLETE_BUCKET,QA,2024-05-22,RELIANCE,LONG,2024-05-22T09:35:00+05:30,1
V2_COMPLETE_BUCKET,QA,2024-05-22,SBIN,SHORT,2024-05-22T09:45:00+05:30,2
V2_COMPLETE_BUCKET,QA,2024-05-29,DLF,LONG,2024-05-29T10:10:00+05:30,1
V2_COMPLETE_BUCKET,QA,2024-05-31,RELIANCE,LONG,2024-05-31T09:45:00+05:30,1
V2_COMPLETE_BUCKET,QA,2024-06-03,SBIN,LONG,2024-06-03T10:00:00+05:30,1
V2_COMPLETE_BUCKET,QA,2024-06-03,RELIANCE,LONG,2024-06-03T11:15:00+05:30,2
V2_COMPLETE_BUCKET,QA,2024-06-04,SBIN,SHORT,2024-06-04T10:45:00+05:30,1
V2_COMPLETE_BUCKET,QA,2024-06-04,RELIANCE,SHORT,2024-06-04T10:55:00+05:30,2
V2_COMPLETE_BUCKET,QA,2024-06-04,DLF,SHORT,2024-06-04T10:55:00+05:30,3
V2_COMPLETE_BUCKET,QA,2024-06-05,RELIANCE,SHORT,2024-06-05T09:50:00+05:30,1
V2_COMPLETE_BUCKET,QA,2024-06-06,SBIN,LONG,2024-06-06T09:35:00+05:30,1
V2_COMPLETE_BUCKET,QA,2024-06-06,DLF,LONG,2024-06-06T09:35:00+05:30,2
V2_COMPLETE_BUCKET,QA,2024-07-03,SBIN,LONG,2024-07-03T10:00:00+05:30,1
V2_COMPLETE_BUCKET,QA,2024-07-10,SBIN,SHORT,2024-07-10T09:45:00+05:30,1
V2_COMPLETE_BUCKET,QA,2024-07-10,DLF,SHORT,2024-07-10T10:10:00+05:30,2
V2_COMPLETE_BUCKET,QA,2024-07-19,RELIANCE,SHORT,2024-07-19T10:00:00+05:30,1
V2_COMPLETE_BUCKET,QA,2024-07-22,RELIANCE,SHORT,2024-07-22T11:10:00+05:30,1
V2_COMPLETE_BUCKET,QA,2024-07-24,DLF,LONG,2024-07-24T10:20:00+05:30,1
V2_COMPLETE_BUCKET,QA,2024-07-26,DLF,LONG,2024-07-26T09:40:00+05:30,1
V2_COMPLETE_BUCKET,QA,2024-07-29,DLF,LONG,2024-07-29T09:35:00+05:30,1
V2_COMPLETE_BUCKET,QA,2024-07-29,SBIN,LONG,2024-07-29T10:25:00+05:30,2
V2_COMPLETE_BUCKET,QA,2024-07-30,DLF,LONG,2024-07-30T09:45:00+05:30,1
V2_COMPLETE_BUCKET,QA,2024-08-01,DLF,LONG,2024-08-01T09:50:00+05:30,1
V2_COMPLETE_BUCKET,QA,2024-08-05,SBIN,SHORT,2024-08-05T10:55:00+05:30,1
V2_COMPLETE_BUCKET,QA,2024-08-05,DLF,SHORT,2024-08-05T11:25:00+05:30,2
V2_COMPLETE_BUCKET,QA,2024-08-06,DLF,LONG,2024-08-06T09:40:00+05:30,1
V2_COMPLETE_BUCKET,QA,2024-08-16,DLF,LONG,2024-08-16T09:35:00+05:30,1
V2_COMPLETE_BUCKET,QA,2024-08-23,RELIANCE,SHORT,2024-08-23T11:55:00+05:30,1
V2_COMPLETE_BUCKET,QA,2024-08-30,RELIANCE,SHORT,2024-08-30T09:35:00+05:30,1
V2_COMPLETE_BUCKET,QA,2024-09-06,SBIN,SHORT,2024-09-06T09:55:00+05:30,1
V2_COMPLETE_BUCKET,QA,2024-09-16,DLF,LONG,2024-09-16T09:35:00+05:30,1
V2_COMPLETE_BUCKET,QA,2024-09-23,DLF,LONG,2024-09-23T11:05:00+05:30,1
V2_COMPLETE_BUCKET,QA,2024-09-24,DLF,LONG,2024-09-24T09:55:00+05:30,1
V2_COMPLETE_BUCKET,QA,2024-09-25,DLF,SHORT,2024-09-25T09:35:00+05:30,1
V2_COMPLETE_BUCKET,QA,2024-09-26,DLF,SHORT,2024-09-26T09:40:00+05:30,1
V2_COMPLETE_BUCKET,QA,2024-09-30,SBIN,SHORT,2024-09-30T09:35:00+05:30,1
V2_COMPLETE_BUCKET,QA,2024-09-30,RELIANCE,SHORT,2024-09-30T09:45:00+05:30,2
V2_COMPLETE_BUCKET,QA,2024-10-03,RELIANCE,SHORT,2024-10-03T11:20:00+05:30,1
V2_COMPLETE_BUCKET,QA,2024-10-08,RELIANCE,LONG,2024-10-08T10:30:00+05:30,1
V2_COMPLETE_BUCKET,QA,2024-10-09,SBIN,LONG,2024-10-09T10:10:00+05:30,1
V2_COMPLETE_BUCKET,QA,2024-10-10,RELIANCE,LONG,2024-10-10T10:15:00+05:30,1
V2_COMPLETE_BUCKET,DEVELOPMENT,2024-10-15,RELIANCE,SHORT,2024-10-15T11:30:00+05:30,1
V2_COMPLETE_BUCKET,DEVELOPMENT,2024-10-23,DLF,SHORT,2024-10-23T09:35:00+05:30,1
V2_COMPLETE_BUCKET,DEVELOPMENT,2024-10-28,SBIN,LONG,2024-10-28T09:35:00+05:30,1
V2_COMPLETE_BUCKET,DEVELOPMENT,2024-10-28,DLF,LONG,2024-10-28T09:40:00+05:30,2
V2_COMPLETE_BUCKET,DEVELOPMENT,2024-10-30,SBIN,SHORT,2024-10-30T09:35:00+05:30,1
V2_COMPLETE_BUCKET,VALIDATION,2024-11-06,SBIN,LONG,2024-11-06T10:20:00+05:30,1
V2_COMPLETE_BUCKET,VALIDATION,2024-11-11,SBIN,LONG,2024-11-11T10:40:00+05:30,1
V2_COMPLETE_BUCKET,VALIDATION,2024-11-21,SBIN,SHORT,2024-11-21T09:35:00+05:30,1
V2_COMPLETE_BUCKET,VALIDATION,2024-11-21,RELIANCE,SHORT,2024-11-21T09:40:00+05:30,2
V2_COMPLETE_BUCKET,VALIDATION,2024-11-22,DLF,LONG,2024-11-22T09:35:00+05:30,1
V2_COMPLETE_BUCKET,VALIDATION,2024-11-22,SBIN,LONG,2024-11-22T10:05:00+05:30,2
V2_COMPLETE_BUCKET,VALIDATION,2024-11-25,SBIN,LONG,2024-11-25T09:50:00+05:30,1
V2_COMPLETE_BUCKET,VALIDATION,2024-11-25,DLF,LONG,2024-11-25T09:50:00+05:30,2
V2_COMPLETE_BUCKET,VALIDATION,2024-11-25,RELIANCE,LONG,2024-11-25T11:05:00+05:30,3
V2_COMPLETE_BUCKET,VALIDATION,2024-12-03,DLF,SHORT,2024-12-03T09:40:00+05:30,1
V2_COMPLETE_BUCKET,VALIDATION,2024-12-16,DLF,LONG,2024-12-16T09:40:00+05:30,1
V2_COMPLETE_BUCKET,VALIDATION,2025-01-03,SBIN,SHORT,2025-01-03T10:35:00+05:30,1
V2_COMPLETE_BUCKET,VALIDATION,2025-01-07,SBIN,SHORT,2025-01-07T09:50:00+05:30,1
V2_COMPLETE_BUCKET,VALIDATION,2025-01-08,RELIANCE,LONG,2025-01-08T09:40:00+05:30,1
V2_COMPLETE_BUCKET,VALIDATION,2025-01-10,DLF,SHORT,2025-01-10T09:35:00+05:30,1
V2_COMPLETE_BUCKET,VALIDATION,2025-01-13,DLF,SHORT,2025-01-13T09:40:00+05:30,1
V2_COMPLETE_BUCKET,VALIDATION,2025-01-14,DLF,LONG,2025-01-14T11:05:00+05:30,1
V2_COMPLETE_BUCKET,VALIDATION,2025-01-15,DLF,SHORT,2025-01-15T09:40:00+05:30,1
V2_COMPLETE_BUCKET,VALIDATION,2025-01-16,SBIN,LONG,2025-01-16T10:25:00+05:30,1
V2_COMPLETE_BUCKET,VALIDATION,2025-01-17,RELIANCE,SHORT,2025-01-17T09:40:00+05:30,1
V2_COMPLETE_BUCKET,VALIDATION,2025-01-20,RELIANCE,LONG,2025-01-20T10:00:00+05:30,1
V2_COMPLETE_BUCKET,VALIDATION,2025-01-22,DLF,SHORT,2025-01-22T09:50:00+05:30,1
V2_COMPLETE_BUCKET,VALIDATION,2025-01-28,DLF,SHORT,2025-01-28T09:35:00+05:30,1
V2_COMPLETE_BUCKET,VALIDATION,2025-02-06,DLF,SHORT,2025-02-06T09:35:00+05:30,1
V2_COMPLETE_BUCKET,VALIDATION,2025-02-06,SBIN,SHORT,2025-02-06T09:35:00+05:30,2
V2_COMPLETE_BUCKET,VALIDATION,2025-02-07,SBIN,SHORT,2025-02-07T10:20:00+05:30,1
V2_COMPLETE_BUCKET,VALIDATION,2025-02-12,RELIANCE,SHORT,2025-02-12T09:35:00+05:30,1
V2_COMPLETE_BUCKET,VALIDATION,2025-02-13,DLF,LONG,2025-02-13T09:50:00+05:30,1
V2_COMPLETE_BUCKET,VALIDATION,2025-02-27,RELIANCE,SHORT,2025-02-27T09:35:00+05:30,1
V2_COMPLETE_BUCKET,VALIDATION,2025-02-28,DLF,LONG,2025-02-28T10:25:00+05:30,1
V2_COMPLETE_BUCKET,VALIDATION,2025-03-04,SBIN,LONG,2025-03-04T09:35:00+05:30,1
V2_COMPLETE_BUCKET,VALIDATION,2025-03-06,RELIANCE,SHORT,2025-03-06T09:50:00+05:30,1
V2_COMPLETE_BUCKET,VALIDATION,2025-03-07,DLF,LONG,2025-03-07T09:35:00+05:30,1
V2_COMPLETE_BUCKET,VALIDATION,2025-03-11,RELIANCE,LONG,2025-03-11T11:05:00+05:30,1
V2_COMPLETE_BUCKET,VALIDATION,2025-03-20,DLF,SHORT,2025-03-20T09:50:00+05:30,1
V2_COMPLETE_BUCKET,VALIDATION,2025-03-21,DLF,LONG,2025-03-21T09:35:00+05:30,1
V2_COMPLETE_BUCKET,VALIDATION,2025-03-24,DLF,SHORT,2025-03-24T09:35:00+05:30,1
V2_COMPLETE_BUCKET,VALIDATION,2025-03-24,RELIANCE,SHORT,2025-03-24T09:40:00+05:30,2
V2_COMPLETE_BUCKET,VALIDATION,2025-04-04,RELIANCE,SHORT,2025-04-04T09:40:00+05:30,1
V2_COMPLETE_BUCKET,VALIDATION,2025-04-07,RELIANCE,LONG,2025-04-07T09:35:00+05:30,1
V2_COMPLETE_BUCKET,VALIDATION,2025-04-08,RELIANCE,SHORT,2025-04-08T09:45:00+05:30,1
V2_COMPLETE_BUCKET,VALIDATION,2025-04-11,SBIN,SHORT,2025-04-11T10:40:00+05:30,1
V2_COMPLETE_BUCKET,VALIDATION,2025-04-15,DLF,LONG,2025-04-15T09:50:00+05:30,1
V2_COMPLETE_BUCKET,VALIDATION,2025-04-17,SBIN,LONG,2025-04-17T09:55:00+05:30,1
V2_COMPLETE_BUCKET,VALIDATION,2025-04-21,SBIN,LONG,2025-04-21T09:35:00+05:30,1
V2_COMPLETE_BUCKET,VALIDATION,2025-04-28,RELIANCE,LONG,2025-04-28T10:00:00+05:30,1
V2_COMPLETE_BUCKET,VALIDATION,2025-04-29,RELIANCE,LONG,2025-04-29T10:40:00+05:30,1
V2_COMPLETE_BUCKET,VALIDATION,2025-04-30,SBIN,SHORT,2025-04-30T10:15:00+05:30,1
V2_COMPLETE_BUCKET,VALIDATION,2025-05-06,SBIN,SHORT,2025-05-06T09:55:00+05:30,1
V2_COMPLETE_BUCKET,VALIDATION,2025-05-09,DLF,SHORT,2025-05-09T09:35:00+05:30,1
V2_COMPLETE_BUCKET,VALIDATION,2025-05-12,SBIN,SHORT,2025-05-12T09:45:00+05:30,1
V2_COMPLETE_BUCKET,VALIDATION,2025-05-19,DLF,LONG,2025-05-19T09:35:00+05:30,1
V2_COMPLETE_BUCKET,VALIDATION,2025-05-20,DLF,LONG,2025-05-20T10:00:00+05:30,1
V2_COMPLETE_BUCKET,VALIDATION,2025-05-21,DLF,SHORT,2025-05-21T09:50:00+05:30,1
V2_COMPLETE_BUCKET,VALIDATION,2025-06-02,SBIN,LONG,2025-06-02T10:50:00+05:30,1
V2_COMPLETE_BUCKET,VALIDATION,2025-06-04,SBIN,SHORT,2025-06-04T09:35:00+05:30,1
V2_COMPLETE_BUCKET,VALIDATION,2025-06-05,RELIANCE,LONG,2025-06-05T09:45:00+05:30,1
V2_COMPLETE_BUCKET,VALIDATION,2025-06-09,SBIN,LONG,2025-06-09T10:35:00+05:30,1
V2_COMPLETE_BUCKET,VALIDATION,2025-06-13,RELIANCE,SHORT,2025-06-13T10:10:00+05:30,1
V2_COMPLETE_BUCKET,VALIDATION,2025-06-18,DLF,SHORT,2025-06-18T10:05:00+05:30,1
V2_COMPLETE_BUCKET,VALIDATION,2025-06-19,SBIN,SHORT,2025-06-19T10:00:00+05:30,1
V2_COMPLETE_BUCKET,VALIDATION,2025-07-01,DLF,SHORT,2025-07-01T10:25:00+05:30,1
V2_COMPLETE_BUCKET,VALIDATION,2025-07-17,DLF,SHORT,2025-07-17T09:35:00+05:30,1
V2_COMPLETE_BUCKET,VALIDATION,2025-07-17,SBIN,LONG,2025-07-17T10:05:00+05:30,2
V2_COMPLETE_BUCKET,VALIDATION,2025-07-18,SBIN,SHORT,2025-07-18T10:50:00+05:30,1
V2_COMPLETE_BUCKET,VALIDATION,2025-07-21,RELIANCE,SHORT,2025-07-21T09:35:00+05:30,1
V2_COMPLETE_BUCKET,VALIDATION,2025-07-22,RELIANCE,SHORT,2025-07-22T10:40:00+05:30,1
V2_COMPLETE_BUCKET,VALIDATION,2025-07-23,SBIN,SHORT,2025-07-23T09:50:00+05:30,1
V2_COMPLETE_BUCKET,VALIDATION,2025-07-24,RELIANCE,SHORT,2025-07-24T11:05:00+05:30,1
V2_COMPLETE_BUCKET,VALIDATION,2025-07-29,RELIANCE,LONG,2025-07-29T10:00:00+05:30,1
V2_COMPLETE_BUCKET,VALIDATION,2025-07-31,RELIANCE,LONG,2025-07-31T10:50:00+05:30,1
V2_COMPLETE_BUCKET,VALIDATION,2025-08-05,DLF,SHORT,2025-08-05T09:40:00+05:30,1
V2_COMPLETE_BUCKET,VALIDATION,2025-08-11,SBIN,LONG,2025-08-11T09:40:00+05:30,1
V2_COMPLETE_BUCKET,VALIDATION,2025-08-19,RELIANCE,LONG,2025-08-19T09:50:00+05:30,1
V2_COMPLETE_BUCKET,VALIDATION,2025-09-02,RELIANCE,LONG,2025-09-02T09:40:00+05:30,1
V2_COMPLETE_BUCKET,VALIDATION,2025-09-05,DLF,SHORT,2025-09-05T10:15:00+05:30,1
V2_COMPLETE_BUCKET,VALIDATION,2025-09-15,DLF,LONG,2025-09-15T11:45:00+05:30,1
V2_COMPLETE_BUCKET,VALIDATION,2025-09-17,DLF,SHORT,2025-09-17T09:40:00+05:30,1
V2_COMPLETE_BUCKET,VALIDATION,2025-09-19,SBIN,LONG,2025-09-19T09:55:00+05:30,1
V2_COMPLETE_BUCKET,VALIDATION,2025-09-19,DLF,SHORT,2025-09-19T10:50:00+05:30,2
V2_COMPLETE_BUCKET,VALIDATION,2025-09-24,SBIN,SHORT,2025-09-24T11:05:00+05:30,1
V2_COMPLETE_BUCKET,VALIDATION,2025-09-25,DLF,SHORT,2025-09-25T10:45:00+05:30,1
V2_COMPLETE_BUCKET,VALIDATION,2025-09-30,SBIN,LONG,2025-09-30T09:45:00+05:30,1
V2_COMPLETE_BUCKET,VALIDATION,2025-10-01,DLF,LONG,2025-10-01T09:40:00+05:30,1
V2_COMPLETE_BUCKET,VALIDATION,2025-10-06,RELIANCE,LONG,2025-10-06T10:40:00+05:30,1
V2_COMPLETE_BUCKET,VALIDATION,2025-10-17,RELIANCE,LONG,2025-10-17T10:35:00+05:30,1
V2_COMPLETE_BUCKET,VALIDATION,2025-10-20,RELIANCE,LONG,2025-10-20T10:05:00+05:30,1
V2_COMPLETE_BUCKET,VALIDATION,2025-10-23,RELIANCE,LONG,2025-10-23T09:35:00+05:30,1
V2_COMPLETE_BUCKET,VALIDATION,2025-10-23,SBIN,LONG,2025-10-23T10:00:00+05:30,2
V2_COMPLETE_BUCKET,VALIDATION,2025-10-28,SBIN,LONG,2025-10-28T09:35:00+05:30,1
V2_COMPLETE_BUCKET,VALIDATION,2025-10-30,SBIN,LONG,2025-10-30T10:25:00+05:30,1
V2_COMPLETE_BUCKET,VALIDATION,2025-10-31,DLF,LONG,2025-10-31T09:35:00+05:30,1
